entry_timestamp,exit_timestamp,side,entry_price,exit_price,pnl_pct,pnl_usd,reason,hold_time,mfe,mae,initial_drawdown,confidence,regime,entry_atr
2020-04-10 13:00:00,2020-04-10 15:00:00,-1.0,0.187,0.18341758018832796,0.019157325196107158,13.526560767177688,Partial TP (50%),2,,,,,,
2020-04-10 13:00:00,2020-04-10 16:00:00,-1.0,0.187,0.184188279874448,0.015035936500278091,10.538553962701615,Stop Loss,3,0.03262032085561494,-0.003208556149732564,0.003208556149732564,0.6443216896355992,0.0,0.0023882798744480167
2020-04-12 00:00:00,2020-04-12 09:00:00,-1.0,0.188,0.19213735246627522,-0.02200719396954906,-18.047510280128066,Stop Loss,9,0.011170212765957397,-0.025531914893617013,0.004787234042553255,0.6589710124312997,1.0,0.0020686762331376075
2020-04-16 01:00:00,2020-04-16 07:00:00,-1.0,0.1784,0.18299394546701983,-0.025750815398093204,-35.45540255081954,Stop Loss,6,0.007847533632287065,-0.06053811659192827,0.0039237668161435325,0.634565323864484,0.0,0.002296972733509913
2020-04-21 09:00:00,2020-04-21 21:00:00,-1.0,0.1825,0.1845,-0.010958904109589052,-18.84784280255474,Time Exit (Early Loss),12,0.006027397260273917,-0.022465753424657495,0.007671232876712396,0.6629849187145502,0.0,0.00229061908905642
2020-04-22 01:00:00,2020-04-22 13:00:00,-1.0,0.1833,0.18697613376569028,-0.020055285137426552,-46.01400341893615,Stop Loss,12,0.0021822149481723063,-0.028368794326241193,0.00709219858156026,0.722683606065518,0.0,0.0018380668828451442
2020-04-23 06:00:00,2020-04-23 10:00:00,-1.0,0.1858,0.18879860440460203,-0.01613888269430589,-23.066604949638606,Stop Loss,4,0.001076426264800892,-0.016684607104413454,0.013455328310010777,0.6403995871710186,0.0,0.0014993022023010118
2020-04-23 23:00:00,2020-04-24 01:00:00,1.0,0.1925,0.19562921157920268,0.01625564456728664,14.397005389810674,Partial TP (50%),2,,,,,,
2020-04-23 23:00:00,2020-04-24 14:00:00,1.0,0.1925,0.1925,0.0,-0.4568840496599898,Stop Loss,15,0.02285714285714279,-0.0020779220779221373,0.0020779220779221373,0.685468992396895,0.0,0.0020861410528017783
2020-05-18 10:00:00,2020-05-19 00:00:00,1.0,0.2036,0.2031,-0.002455795677799609,-1.9003880632836958,Time Exit (Early Loss),14,0.013261296660117917,-0.006876227897838961,0.005893909626719089,0.6309762235797092,1.0,0.001943270858805657
2020-06-04 09:00:00,2020-06-05 10:00:00,1.0,0.2037,0.2035,-0.0009818360333824533,-0.8059612391803697,Time Exit (Early Loss),25,0.013745704467353938,-0.012763868433971485,0.012763868433971485,0.687825278698302,2.0,0.0020623197181712555
2020-06-05 11:00:00,2020-06-05 23:00:00,1.0,0.2035,0.2027,-0.003931203931203908,-2.628874145675329,Time Exit (Early Loss),12,0.007371007371007378,-0.011302211302211285,0.006388206388206367,0.7045662629851802,2.0,0.0017055450808807359
2020-06-16 06:00:00,2020-06-16 22:00:00,-1.0,0.1917,0.192,-0.0015649452269170302,-0.010324726134585151,Time Exit (Early Loss),16,0.008868022952530032,-0.006259780907668121,0.004173187271778796,0.6389873819895131,2.0,0.0014486282794988928
2020-07-02 10:00:00,2020-07-02 15:00:00,-1.0,0.1761,0.1747479569944169,0.007677700202061979,0.017944250505154948,Partial TP (50%),5,,,,,,
2020-07-02 10:00:00,2020-07-02 15:00:00,-1.0,0.1761,0.1761,-0.0,-0.00125,Stop Loss,5,0.023282226007950144,-0.006246450880181657,0.006246450880181657,0.7353735816914304,1.0,0.0009013620037220775
2020-07-02 16:00:00,2020-07-03 04:00:00,-1.0,0.1741,0.175,-0.005169442848937301,-0.028347214244686506,Time Exit (Early Loss),12,0.005743825387708219,-0.012636415852958114,0.006318207926478977,0.6881209157111537,1.0,0.0012568514888332799
2020-07-03 05:00:00,2020-07-03 08:00:00,-1.0,0.1755,0.17791889617963016,-0.013782884214416955,-0.07141442107208477,Stop Loss,3,0.0017094017094016795,-0.01823361823361828,0.01823361823361828,0.7480138987258291,1.0,0.0012094480898150897
2020-07-05 14:00:00,2020-07-05 21:00:00,-1.0,0.1761,0.17452319049891177,0.008954057359955928,0.021135143399889818,Partial TP (50%),7,,,,,,
2020-07-05 14:00:00,2020-07-05 21:00:00,-1.0,0.1761,0.1761,-0.0,-0.00125,Stop Loss,7,0.015900056785917074,-0.003975014196479308,0.003975014196479308,0.6688222379949038,1.0,0.0010512063340588297
2020-07-05 22:00:00,2020-07-06 06:00:00,-1.0,0.1767,0.17892929813121147,-0.01261628823549223,-0.06558144117746115,Stop Loss,8,0.002263723825693173,-0.024335031126202594,0.003961516694963249,0.6869245899566414,1.0,0.0011146490656057375
2020-07-17 10:00:00,2020-07-17 11:00:00,-1.0,0.1929,0.19562880784637654,-0.01414623041149068,-0.0732311520574534,Stop Loss,1,0.0010368066355623535,-0.01607050285121835,0.01607050285121835,0.7020593520985182,1.0,0.0013644039231882734
2020-07-17 20:00:00,2020-07-18 08:00:00,-1.0,0.1939,0.1952,-0.006704486848891302,-0.03602243424445651,Time Exit (Early Loss),12,0.0010314595152139143,-0.008251676121712317,0.006188757091284201,0.6405290139662649,1.0,0.001531998383511102
2020-08-09 15:00:00,2020-08-10 01:00:00,-1.0,0.2853,0.2919500818634892,-0.023309084695019976,-0.11904542347509989,Stop Loss,10,0.009463722397476271,-0.026288117770767637,0.013669821240799209,0.6449382128171268,2.0,0.0033250409317446016
2020-08-19 16:00:00,2020-08-19 20:00:00,-1.0,0.2907,0.28350426177490606,0.024753141469191435,0.06063285367297859,Partial TP (50%),4,,,,,,
2020-08-19 16:00:00,2020-08-19 23:00:00,-1.0,0.2907,0.2907,-0.0,-0.00125,Stop Loss,7,0.04540763673890605,-0.006191950464396175,0.006191950464396175,0.6605159937132321,1.0,0.0047971588167293085
2020-08-21 05:00:00,2020-08-21 10:00:00,-1.0,0.2936,0.288895219862632,0.01602445550874668,0.0388111387718667,Partial TP (50%),5,,,,,,
2020-08-21 05:00:00,2020-08-21 12:00:00,-1.0,0.2936,0.2841904397252639,0.03204891101749355,0.07887227754373387,Take Profit,7,0.04121253405994569,-0.0027247956403268644,0.0027247956403268644,0.6476435269040175,2.0,0.0031365200915787
2020-08-22 21:00:00,2020-08-23 05:00:00,-1.0,0.2846,0.28065242347816527,0.013870613217971714,0.033426533044929284,Partial TP (50%),8,,,,,,
2020-08-22 21:00:00,2020-08-23 13:00:00,-1.0,0.2846,0.28103171768122315,0.012537885870614447,0.030094714676536113,Stop Loss,16,0.025650035137034535,-0.01300070274068862,0.01300070274068862,0.6732118109257901,2.0,0.0026317176812231825
2020-08-24 00:00:00,2020-08-24 07:00:00,-1.0,0.2837,0.28836716134006213,-0.016451044554325413,-0.08475522277162707,Stop Loss,7,0.004229820232640234,-0.01868170602749373,0.00881212548466691,0.6911569688897763,2.0,0.002333580670031073
2020-08-24 08:00:00,2020-08-24 19:00:00,-1.0,0.2889,0.2858009964761426,0.010726907316917242,0.025567268292293104,Partial TP (50%),11,,,,,,
2020-08-24 08:00:00,2020-08-24 21:00:00,-1.0,0.2889,0.2889,-0.0,-0.00125,Stop Loss,13,0.01073035652474902,-0.012461059190031126,0.012461059190031126,0.7076860592396597,2.0,0.002066002349238266
2020-08-25 13:00:00,2020-08-25 14:00:00,-1.0,0.2803,0.27688477765965275,0.012184168178192102,0.029210420445480254,Partial TP (50%),1,,,,,,
2020-08-25 13:00:00,2020-08-25 14:00:00,-1.0,0.2803,0.2803,-0.0,-0.00125,Stop Loss,1,0.01783803068141279,-0.0,0.0,0.6536078947148556,2.0,0.0022768148935648127
2020-08-25 15:00:00,2020-08-25 16:00:00,-1.0,0.2786,0.27479350726776186,0.013662931558643766,0.03290732889660941,Partial TP (50%),1,,,,,,
2020-08-25 15:00:00,2020-08-25 16:00:00,-1.0,0.2786,0.2786,-0.0,-0.00125,Stop Loss,1,0.021536252692031604,-0.003589375448671934,0.003589375448671934,0.6471162898795842,2.0,0.0025376618214921105
2020-08-26 14:00:00,2020-08-27 05:00:00,-1.0,0.2787,0.27459638551298304,0.014724128048141227,0.03556032012035307,Partial TP (50%),15,,,,,,
2020-08-26 14:00:00,2020-08-27 11:00:00,-1.0,0.2787,0.2704927710259661,0.029448256096282453,0.07237064024070614,Take Profit,21,0.03552206673842849,-0.009329027628274098,0.009329027628274098,0.6749517735989674,2.0,0.002735742991344631
2020-08-29 20:00:00,2020-08-30 11:00:00,-1.0,0.2765,0.277,-0.001808318264014468,-0.01154159132007234,Time Exit (Early Loss),15,0.009764918625678248,-0.007956600361663579,0.00036166365280285346,0.6542153461648774,2.0,0.0020664032263430013
2020-09-06 17:00:00,2020-09-07 12:00:00,-1.0,0.2374,0.23063236955994634,0.028507289132492238,0.07001822283123059,Partial TP (50%),19,,,,,,
2020-09-06 17:00:00,2020-09-07 15:00:00,-1.0,0.2374,0.2374,-0.0,-0.00125,Stop Loss,22,0.033277169334456576,-0.024431339511373208,0.02316764953664703,0.710204012195711,2.0,0.004511753626702443
2020-09-08 12:00:00,2020-09-09 00:00:00,-1.0,0.2349,0.2357,-0.0034057045551298217,-0.019528522775649107,Time Exit (Early Loss),12,0.016602809706257927,-0.0187313750532142,0.011919965942954436,0.7423410328629403,2.0,0.0032559681485045565
2020-09-09 02:00:00,2020-09-09 08:00:00,-1.0,0.2334,0.23989254391696585,-0.027817240432587206,-0.14158620216293602,Stop Loss,6,0.0012853470437017768,-0.028706083976006904,0.020137103684661567,0.7136949561275405,2.0,0.0032462719584829235
2020-09-10 02:00:00,2020-09-10 15:00:00,-1.0,0.245,0.2457,-0.0028571428571428823,-0.01678571428571441,Time Exit (Early Loss),13,0.011836734693877493,-0.015102040816326568,0.011836734693877606,0.6427046554901397,2.0,0.0026437821406694907
2020-09-13 11:00:00,2020-09-13 12:00:00,-1.0,0.2449,0.24160196180751176,0.013466877062018174,0.03241719265504543,Partial TP (50%),1,,,,,,
2020-09-13 11:00:00,2020-09-13 12:00:00,-1.0,0.2449,0.2449,-0.0,-0.00125,Stop Loss,1,0.015108207431604773,-0.002041649652919561,0.002041649652919561,0.6411588217907678,2.0,0.0021986921283254942
2020-09-13 13:00:00,2020-09-13 16:00:00,-1.0,0.2428,0.23915271196668106,0.01502177937940251,0.03630444844850628,Partial TP (50%),3,,,,,,
2020-09-13 13:00:00,2020-09-14 02:00:00,-1.0,0.2428,0.2428,-0.0,-0.00125,Stop Loss,13,0.022652388797363993,-0.003706754530477809,0.003706754530477809,0.650644569456722,2.0,0.002431525355545962
2020-09-22 13:00:00,2020-09-23 01:00:00,-1.0,0.2311,0.2334,-0.009952401557767184,-0.052262007788835926,Time Exit (Early Loss),12,0.005625270445694486,-0.014279532669839884,0.005625270445694486,0.6821789410165608,1.0,0.0022101116444697994
2020-09-23 06:00:00,2020-09-23 19:00:00,-1.0,0.2315,0.22883027557540483,0.011532286931296659,0.027580717328241647,Partial TP (50%),13,,,,,,
2020-09-23 06:00:00,2020-09-23 19:00:00,-1.0,0.2315,0.22616055115080966,0.023064573862593318,0.056411434656483295,Take Profit,13,0.027645788336933118,-0.015118790496760152,0.006047516198704037,0.6424524525860725,1.0,0.0017798162830634549
2020-09-26 12:00:00,2020-09-26 15:00:00,1.0,0.2394,0.24273475058892158,0.013929618165921368,0.03357404541480342,Partial TP (50%),3,,,,,,
2020-09-26 12:00:00,2020-09-27 06:00:00,1.0,0.2394,0.24217683294071896,0.011599135090722449,0.02774783772680612,Stop Loss,18,0.021720969089390186,-0.008354218880534678,0.008354218880534678,0.6461628150049699,1.0,0.0022231670592810482
2020-10-01 17:00:00,2020-10-01 22:00:00,-1.0,0.2347,0.23841479666275872,-0.01582785114085526,-0.0816392557042763,Stop Loss,5,0.0012782275244993383,-0.017043033659991495,0.01235619940349388,0.6440214242646425,1.0,0.0018573983313793607
2020-10-03 11:00:00,2020-10-04 00:00:00,-1.0,0.2342,0.23194684255699394,0.009620655179359753,0.022801637948399383,Partial TP (50%),13,,,,,,
2020-10-03 11:00:00,2020-10-04 06:00:00,-1.0,0.2342,0.2342,-0.0,-0.00125,Stop Loss,19,0.011955593509820653,-0.0025619128949616447,0.0004269854824936667,0.6690358631716229,1.0,0.001502104962004032
2020-10-07 13:00:00,2020-10-08 01:00:00,1.0,0.2486,0.2473,-0.00522928399034592,-0.0286464199517296,Time Exit (Early Loss),12,0.011263073209975964,-0.009654062751407826,0.009654062751407826,0.7230843763943092,1.0,0.0025913103978906986
2020-10-10 02:00:00,2020-10-10 13:00:00,1.0,0.256,0.25887647139477193,0.011236216385827847,0.026840540964569618,Partial TP (50%),11,,,,,,
2020-10-10 02:00:00,2020-10-10 13:00:00,1.0,0.256,0.256,0.0,-0.00125,Stop Loss,11,0.01796874999999997,-0.010937500000000096,0.000390624999999957,0.7653882163811064,1.0,0.0019176475965146209
2020-10-12 13:00:00,2020-10-12 21:00:00,1.0,0.2552,0.2581965299171014,0.011741888389895849,0.028104720974739622,Partial TP (50%),8,,,,,,
2020-10-12 13:00:00,2020-10-12 23:00:00,1.0,0.2552,0.2552,0.0,-0.00125,Stop Loss,10,0.012539184952978198,-0.004702194357366689,0.0035266457680249077,0.6355806193771151,1.0,0.001997686611400962
2020-10-14 12:00:00,2020-10-14 15:00:00,1.0,0.2526,0.2484846036216172,-0.016292147182829734,-0.08396073591414867,Stop Loss,3,0.011084718923198832,-0.025336500395882776,0.025336500395882776,0.7623579302851355,2.0,0.0020576981891913997
2020-10-17 14:00:00,2020-10-17 16:00:00,-1.0,0.2422,0.24003999909711052,0.008918253108544511,0.021045632771361275,Partial TP (50%),2,,,,,,
2020-10-17 14:00:00,2020-10-17 19:00:00,-1.0,0.2422,0.2422,-0.0,-0.00125,Stop Loss,5,0.009496284062758037,-0.004954582989265098,0.004954582989265098,0.7182567517345118,1.0,0.0014400006019263203
2020-10-18 15:00:00,2020-10-19 03:00:00,-1.0,0.2426,0.24109220131160017,0.0062151635960422166,0.014287908990105543,Partial TP (50%),12,,,,,,
2020-10-18 15:00:00,2020-10-19 09:00:00,-1.0,0.2426,0.2414051991255999,0.0049249829942296115,0.011062457485574028,Stop Loss,18,0.0103050288540808,-0.01648804616652928,0.0016488046166528594,0.757959530200596,1.0,0.0010051991255998944
2020-10-24 08:00:00,2020-10-24 14:00:00,1.0,0.2538,0.256902815625854,0.01222543587806919,0.029313589695172976,Partial TP (50%),6,,,,,,
2020-10-24 08:00:00,2020-10-24 14:00:00,1.0,0.2538,0.2538,0.0,-0.00125,Stop Loss,6,0.013396375098502594,-0.001970055161544525,0.001970055161544525,0.6497865067663084,0.0,0.002068543750569289
2020-10-25 06:00:00,2020-10-25 18:00:00,1.0,0.2543,0.2525,-0.007078254030672527,-0.03789127015336264,Time Exit (Early Loss),12,0.001966181675186789,-0.012190326386158265,0.008651199370822002,0.6642865862162601,2.0,0.0019166040759401324
2020-10-26 00:00:00,2020-10-26 08:00:00,1.0,0.2579,0.2541823734462687,-0.014414992453397876,-0.07457496226698938,Stop Loss,8,0.0023264831329972446,-0.021713842574641307,0.006979449398991949,0.7416949906690358,0.0,0.0018588132768656484
2020-10-26 15:00:00,2020-10-26 16:00:00,-1.0,0.2495,0.2465933095169064,0.011650062056487416,0.02787515514121854,Partial TP (50%),1,,,,,,
2020-10-26 15:00:00,2020-10-26 16:00:00,-1.0,0.2495,0.2495,-0.0,-0.00125,Stop Loss,1,0.020841683366733508,-0.0028056112224448034,0.0028056112224448034,0.6950180600970258,0.0,0.0019377936553957313
2020-10-26 17:00:00,2020-10-27 05:00:00,-1.0,0.2457,0.2492,-0.014245014245014257,-0.07372507122507128,Time Exit (Early Loss),12,0.0036630036630037116,-0.018722018722018806,0.010989010989011021,0.6888603577131553,1.0,0.0023978935089891767
2020-11-02 02:00:00,2020-11-02 08:00:00,-1.0,0.2418,0.23903140429456085,0.011449940882709415,0.027374852206773534,Partial TP (50%),6,,,,,,
2020-11-02 02:00:00,2020-11-02 08:00:00,-1.0,0.2418,0.2362628085891217,0.022899881765418944,0.05599970441354736,Take Profit,6,0.026054590570719606,-0.0008271298593879476,0.0008271298593879476,0.6719491365819767,1.0,0.0018457304702927638
2020-11-02 09:00:00,2020-11-02 12:00:00,-1.0,0.2374,0.23428440355005298,0.01312382666363531,0.031559566659088274,Partial TP (50%),3,,,,,,
2020-11-02 09:00:00,2020-11-03 03:00:00,-1.0,0.2374,0.23116880710010598,0.0262476533272705,0.06436913331817626,Take Profit,18,0.04254422914911541,-0.002106149957877003,0.002106149957877003,0.7645405152158287,1.0,0.002077064299964673
2020-11-19 09:00:00,2020-11-19 11:00:00,1.0,0.285,0.29080060423422,0.0203529973130527,0.04963249328263175,Partial TP (50%),2,,,,,,
2020-11-19 09:00:00,2020-11-19 12:00:00,1.0,0.285,0.29660120846843996,0.040705994626105205,0.100514986565263,Take Profit,3,0.04771929824561404,-0.003508771929824565,0.003508771929824565,0.7074196289693817,0.0,0.003867069489479998
2020-12-02 08:00:00,2020-12-02 20:00:00,1.0,0.6236,0.6193,-0.006895445798588969,-0.03697722899294485,Time Exit (Early Loss),12,0.009621552277100714,-0.03736369467607456,0.012989095574085945,0.6372727069528277,0.0,0.017128248558249994
2020-12-07 08:00:00,2020-12-07 18:00:00,1.0,0.6122,0.5929239039126205,-0.031486599293334624,-0.15993299646667314,Stop Loss,10,0.008820646847435595,-0.03544593270173137,0.019928128062724582,0.6881132595491432,0.0,0.009638048043689718
2020-12-13 12:00:00,2020-12-13 22:00:00,-1.0,0.5199,0.5026628568054987,0.033154728206388366,0.08163682051597092,Partial TP (50%),10,,,,,,
2020-12-13 12:00:00,2020-12-14 23:00:00,-1.0,0.5199,0.5040914287963342,0.030406945958195528,0.07476736489548882,Stop Loss,35,0.05981919599923065,-0.015195229851894629,0.015195229851894629,0.6543029383043619,0.0,0.011491428796334227
2020-12-15 00:00:00,2020-12-15 04:00:00,-1.0,0.5044,0.49310297371037687,0.022396959337079882,0.05474239834269971,Partial TP (50%),4,,,,,,
2020-12-15 00:00:00,2020-12-15 09:00:00,-1.0,0.5044,0.4818059474207538,0.044793918674159765,0.11073479668539941,Take Profit,9,0.056701030927834975,-0.006938937351308602,0.006938937351308602,0.7106864896308857,0.0,0.007531350859748731
2020-12-15 10:00:00,2020-12-15 13:00:00,-1.0,0.4863,0.4752761235003609,0.022668880320047494,3.8543482357051166,Partial TP (50%),3,,,,,,
2020-12-15 10:00:00,2020-12-15 23:00:00,-1.0,0.4863,0.4642522470007218,0.04533776064009499,7.795627975844844,Take Profit,13,0.045445198437178716,-0.0014394406744807288,0.0014394406744807288,0.7207270134687791,0.0,0.0073492509997593975
2020-12-16 04:00:00,2020-12-16 13:00:00,-1.0,0.4478,0.46602052831206026,-0.0406889868514075,-17.463901115674474,Stop Loss,9,0.0017865118356408384,-0.12036623492630652,0.033943724877177416,0.673199856378955,1.0,0.00911026415603014
2021-01-01 09:00:00,2021-01-01 16:00:00,-1.0,0.2326,0.24961918192571636,-0.07316931180445554,-12.222131008810898,Stop Loss,7,0.010748065348237327,-0.07394668959587271,0.04256233877901974,0.6598702730888806,1.0,0.008509590962858185
2021-01-17 10:00:00,2021-01-17 22:00:00,-1.0,0.2738,0.2784,-0.016800584368151912,-0.08650292184075956,Time Exit (Early Loss),12,0.006939371804236716,-0.03250547845142447,0.015339663988312774,0.675396946177891,2.0,0.005383810137723969
2021-01-18 12:00:00,2021-01-18 17:00:00,-1.0,0.2865,0.27963940730657316,0.023946222315625883,0.0586155557890647,Partial TP (50%),5,,,,,,
2021-01-18 12:00:00,2021-01-18 23:00:00,-1.0,0.2865,0.2865,-0.0,-0.00125,Stop Loss,11,0.029319371727748563,-0.004537521815008808,0.003490401396160562,0.6825846428346378,2.0,0.004573728462284544
2021-01-22 14:00:00,2021-01-23 03:00:00,-1.0,0.2759,0.2775,-0.005799202609641341,-0.031496013048206706,Time Exit (Early Loss),13,0.02500906125407743,-0.0289960130482059,0.00869880391446181,0.8249411437832808,2.0,0.007206852440087016
2021-01-25 02:00:00,2021-01-25 14:00:00,-1.0,0.2769,0.28368841637755726,-0.024515768788578127,-0.12507884394289062,Stop Loss,12,0.017334777898158075,-0.03250270855904662,0.01589021307331172,0.6414308192464322,2.0,0.003394208188778641
2021-01-26 09:00:00,2021-01-26 14:00:00,-1.0,0.266,0.2599337534359295,0.02280543821079139,0.055763595526978474,Partial TP (50%),5,,,,,,
2021-01-26 09:00:00,2021-01-26 17:00:00,-1.0,0.266,0.266,-0.0,-0.00125,Stop Loss,8,0.02969924812030082,-0.008646616541353265,0.008646616541353265,0.6760021451890341,0.0,0.004044164376047007
2021-02-15 16:00:00,2021-02-15 23:00:00,1.0,0.5808,0.5434907656010598,-0.06423766253261051,-0.3236883126630526,Stop Loss,7,0.010158402203856777,-0.06559917355371905,0.011880165289256228,0.6596591470286344,1.0,0.01865461719947011
2021-02-16 03:00:00,2021-02-16 11:00:00,1.0,0.5762,0.542564216771655,-0.058375187831213184,-0.2943759391560659,Stop Loss,8,0.009024644220756651,-0.06924678930926768,0.04251995834779603,0.6370202068979189,1.0,0.016817891614172537
2021-02-21 14:00:00,2021-02-22 04:00:00,-1.0,0.5394,0.5176256304477087,0.04036775964458896,0.0996693991114724,Partial TP (50%),14,,,,,,
2021-02-21 14:00:00,2021-02-22 05:00:00,-1.0,0.5394,0.5394,-0.0,-0.00125,Stop Loss,15,0.0444938820912125,-0.2115313311086392,0.026325546903967354,0.8399887657315799,2.0,0.014516246368194168
2021-03-01 17:00:00,2021-03-02 00:00:00,-1.0,0.4347,0.4518141006974371,-0.039369911887363995,-0.19934955943681998,Stop Loss,7,0.006901311249137343,-0.0483091787439614,0.010351966873706014,0.7044821347235934,1.0,0.00855705034871855
2021-03-02 02:00:00,2021-03-02 06:00:00,-1.0,0.4424,0.43119499516982834,0.025327768603462187,0.062069421508655465,Partial TP (50%),4,,,,,,
2021-03-02 02:00:00,2021-03-02 08:00:00,-1.0,0.4424,0.4424,-0.0,-0.00125,Stop Loss,6,0.0332278481012658,-0.012432188065099468,0.004294755877034261,0.6690232611531071,1.0,0.007470003220114452
2021-03-02 20:00:00,2021-03-03 05:00:00,-1.0,0.4293,0.4445420828488776,-0.035504502326758836,-0.18002251163379418,Stop Loss,9,0.0074539948753786075,-0.03657116235732586,0.018867924528301876,0.6699598616312081,1.0,0.0076210414244387795
2021-03-03 10:00:00,2021-03-03 11:00:00,-1.0,0.4487,0.4605982085819911,-0.0265170683797439,-0.1350853418987195,Stop Loss,1,-0.0,-0.045464675729886404,0.045464675729886404,0.6377210487181959,1.0,0.0059491042909955326
2021-03-03 13:00:00,2021-03-04 01:00:00,-1.0,0.4508,0.4578,-0.01552795031055902,-0.0801397515527951,Time Exit (Early Loss),12,0.02307009760425902,-0.019964507542147313,0.0026619343389530487,0.6466375831354844,0.0,0.0077195999006258
2021-03-13 11:00:00,2021-03-13 14:00:00,-1.0,0.4529,0.46608654375804814,-0.029115795447224816,-0.1480789772361241,Stop Loss,3,0.009494369618017279,-0.03267829542945458,0.03267829542945458,0.6512942754100798,1.0,0.006593271879024071
2021-03-14 07:00:00,2021-03-14 23:00:00,-1.0,0.4498,0.4407480109835971,0.020124475358832508,0.04906118839708127,Partial TP (50%),16,,,,,,
2021-03-14 07:00:00,2021-03-14 23:00:00,-1.0,0.4498,0.4498,-0.0,-0.00125,Stop Loss,16,0.02512227656736322,-0.016896398399288564,0.016896398399288564,0.6457828602500386,0.0,0.006034659344268575
2021-03-18 00:00:00,2021-03-18 03:00:00,1.0,0.4673,0.47877455436870153,0.02455500613888624,0.0601375153472156,Partial TP (50%),3,,,,,,
2021-03-18 00:00:00,2021-03-18 12:00:00,1.0,0.4673,0.490249108737403,0.04911001227777236,0.12152503069443091,Take Profit,12,0.053498823025893476,-0.00021399529210355017,0.00021399529210355017,0.6300544757251352,2.0,0.007649702912467678
2021-03-25 19:00:00,2021-03-26 10:00:00,1.0,0.5213,0.5437163480467453,0.04300085947965721,0.10625214869914303,Partial TP (50%),15,,,,,,
2021-03-25 19:00:00,2021-03-26 11:00:00,1.0,0.5213,0.5661326960934906,0.08600171895931442,0.21375429739828605,Take Profit,16,0.10799923268751202,-0.026664108958373345,0.026664108958373345,0.657164972268373,2.0,0.014944232031163535
2021-03-26 12:00:00,2021-03-27 07:00:00,1.0,0.5566,0.5522,-0.007905138339920875,-0.04202569169960438,Time Exit (Early Loss),19,0.03359683794466412,-0.02389507725476101,0.02389507725476101,0.657060475314909,1.0,0.013891709921700413
2021-04-19 13:00:00,2021-04-19 14:00:00,-1.0,1.3972,1.3025857613491492,0.06771703310252708,0.1680425827563177,Partial TP (50%),1,,,,,,
2021-04-19 13:00:00,2021-04-20 00:00:00,-1.0,1.3972,1.2079715226982985,0.135434066205054,0.337335165512635,Take Profit,11,0.16117950186086463,-0.0,0.0,0.6542608951138363,0.0,0.06307615910056714
2021-04-20 16:00:00,2021-04-21 04:00:00,-1.0,1.358,1.4286,-0.05198821796759941,-0.262441089837997,Time Exit (Early Loss),12,0.017010309278350604,-0.08070692194403528,0.034904270986745124,0.6849441390804771,0.0,0.05824087164369803
2021-04-22 03:00:00,2021-04-22 15:00:00,-1.0,1.2908,1.3241,-0.02579795475674009,-0.13148977378370044,Time Exit (Early Loss),12,0.03160830492717691,-0.04764487139758298,0.04067245119305856,0.692259074059407,0.0,0.04674112806932523
2021-04-24 10:00:00,2021-04-24 22:00:00,-1.0,1.0576,1.0593,-0.0016074130105898378,-0.01053706505294919,Time Exit (Early Loss),12,0.03470121028744343,-0.04425113464447802,0.02099092284417549,0.6415859698210723,0.0,0.04460479728882786
2021-04-26 18:00:00,2021-04-26 21:00:00,1.0,1.3423,1.2483142698013334,-0.07001842374928602,-0.3525921187464301,Stop Loss,3,0.005736422558295493,-0.08738732027117631,0.08738732027117631,0.6644009649964058,0.0,0.0469928650993333
2021-04-26 22:00:00,2021-04-27 00:00:00,1.0,1.3128,1.3933508051372627,0.06135801731966999,0.15214504329917497,Partial TP (50%),2,,,,,,
2021-04-26 22:00:00,2021-04-27 03:00:00,1.0,1.3128,1.3806994632418248,0.05172110240845889,0.1280527560211472,Stop Loss,5,0.11517367458866545,-0.009293113954905537,0.009293113954905537,0.6700034141751015,0.0,0.0537005367581752
2021-04-27 13:00:00,2021-04-28 05:00:00,1.0,1.3766,1.3651,-0.008353915443847207,-0.044269577219236037,Time Exit (Early Loss),16,0.05324713061165184,-0.0325439488595089,0.0325439488595089,0.6447515710551525,1.0,0.0503573133925711
2021-05-10 14:00:00,2021-05-10 19:00:00,-1.0,1.5047,1.4535926597575477,0.03396513606861981,0.08366284017154953,Partial TP (50%),5,,,,,,
2021-05-10 14:00:00,2021-05-10 19:00:00,-1.0,1.5047,1.4024853195150955,0.06793027213723962,0.16857568034309905,Take Profit,5,0.10281119159965431,-0.031767129660397464,0.031767129660397464,0.712940264313222,2.0,0.03407156016163481
2021-05-12 06:00:00,2021-05-12 15:00:00,-1.0,1.4752,1.4210832855094666,0.036684323814081786,0.09046080953520447,Partial TP (50%),9,,,,,,
2021-05-12 06:00:00,2021-05-12 18:00:00,-1.0,1.4752,1.3669665710189334,0.07336864762816343,0.18217161907040857,Take Profit,12,0.08622559652928415,-0.013760845986984805,0.013760845986984805,0.7824037214086302,2.0,0.036077809660355585
2021-05-12 20:00:00,2021-05-12 22:00:00,-1.0,1.4229,1.3640514694993493,0.04135816325859214,0.10214540814648035,Partial TP (50%),2,,,,,,
2021-05-12 20:00:00,2021-05-12 22:00:00,-1.0,1.4229,1.4229,-0.0,-0.00125,Stop Loss,2,0.07667439735750929,-0.012017710309930348,0.012017710309930348,0.7397184981195272,1.0,0.03923235366710048
2021-05-14 19:00:00,2021-05-15 10:00:00,-1.0,1.3808,1.3286366414423798,0.03777763510835763,0.09319408777089408,Partial TP (50%),15,,,,,,
2021-05-14 19:00:00,2021-05-15 14:00:00,-1.0,1.3808,1.3808,-0.0,-0.00125,Stop Loss,19,0.042511587485515624,-0.09632097334878331,0.00832850521436853,0.699373394118216,1.0,0.03477557237174684
2021-05-17 03:00:00,2021-05-17 07:00:00,-1.0,1.3517,1.4546048424670404,-0.07612994190059959,-0.3831497095029979,Stop Loss,4,0.01923503736036088,-0.07960346230672498,0.05792705481985651,0.7072146579604488,2.0,0.05145242123352025
2021-05-21 04:00:00,2021-05-21 14:00:00,-1.0,1.1373,1.0542135885408832,0.0730558440685103,0.18138961017127575,Partial TP (50%),10,,,,,,
2021-05-21 04:00:00,2021-05-21 14:00:00,-1.0,1.1373,1.1373,-0.0,-0.00125,Stop Loss,10,0.1295172777631232,-0.01178229139189315,0.01178229139189315,0.7276181775188665,1.0,0.05539094097274458
2021-05-21 15:00:00,2021-05-21 21:00:00,-1.0,1.0141,0.9362057295973228,0.0768112320310395,0.19077808007759875,Partial TP (50%),6,,,,,,
2021-05-21 15:00:00,2021-05-21 23:00:00,-1.0,1.0141,1.0141,-0.0,-0.00125,Stop Loss,8,0.14732274923577554,-0.048220096637412425,0.048220096637412425,0.6317452343717312,2.0,0.05192951360178476
2021-05-25 04:00:00,2021-05-25 10:00:00,-1.0,0.9739,0.9082963882844806,0.06736175348138354,0.16715438370345884,Partial TP (50%),6,,,,,,
2021-05-25 04:00:00,2021-05-25 22:00:00,-1.0,0.9739,0.9739,-0.0,-0.00125,Stop Loss,18,0.09569771023719062,-0.06520176609508174,0.06520176609508174,0.6487445861256458,1.0,0.043735741143679584
2021-05-29 08:00:00,2021-05-29 13:00:00,-1.0,0.8775,0.8378257135108655,0.045212862095879665,0.11178215523969916,Partial TP (50%),5,,,,,,
2021-05-29 08:00:00,2021-05-29 20:00:00,-1.0,0.8775,0.798151427021731,0.09042572419175945,0.22481431047939862,Take Profit,12,0.09743589743589734,-0.007179487179487275,0.007179487179487275,0.6518004278647866,1.0,0.026449524326089626
2021-05-30 00:00:00,2021-05-30 05:00:00,-1.0,0.8112,0.863937508060305,-0.06501172098163828,-4.472955515352867,Stop Loss,5,0.01651873767258392,-0.080991124260355,0.039201183431952585,0.6607834408785175,1.0,0.026368754030152472
